PopTraniningScore,PopTestScore,PopValidationScore,ConTraniningScore,ConTestScore,ConValidationScore,PopFraction,ConFraction
0.6398940864960282,0.5957867017774852,0.5957867017774852,0.3150033193184333,0.311620294599018,0.3098078197481776,0.29622354815995255,0.48067301634362375
