PopTraniningScore,PopTestScore,PopValidationScore,ConTraniningScore,ConTestScore,ConValidationScore,PopFraction,ConFraction
0.7435374965040553,0.7326603325415677,0.7326603325415677,0.4220947372614637,0.42099605876030094,0.4236663894499228,0.2668868398108272,0.4130201590530793
