PopTraniningScore,PopTestScore,PopValidationScore,ConTraniningScore,ConTestScore,ConValidationScore,PopFraction,ConFraction
0.5971970784693177,0.5656826215725613,0.5656826215725613,0.24661305966646851,0.25085227272727273,0.2522437411431271,0.1833421545980224,0.4561418261501857
