PopTraniningScore,PopTestScore,PopValidationScore,ConTraniningScore,ConTestScore,ConValidationScore,PopFraction,ConFraction
0.7211305430012445,0.7116030836133623,0.7116030836133623,0.5582370084154687,0.556562869530942,0.5559868617497761,0.41483758855767944,0.49142271532326337
