PopTraniningScore,PopTestScore,PopValidationScore,ConTraniningScore,ConTestScore,ConValidationScore,PopFraction,ConFraction
0.8473259180252933,0.8304307974335472,0.8304307974335472,0.6588899054589814,0.6694638694638695,0.659400544959128,0.4068911583402337,0.49576777992455606
