PopTraniningScore,PopTestScore,PopValidationScore,ConTraniningScore,ConTestScore,ConValidationScore,PopFraction,ConFraction
0.5911678933481461,0.5625603531521589,0.5625603531521589,0.40411438167654057,0.4044370952184098,0.3992583436341162,0.3927839078215018,0.4651523288741334
