PopTraniningScore,PopTestScore,PopValidationScore,ConTraniningScore,ConTestScore,ConValidationScore,PopFraction,ConFraction
0.850796568627451,0.8406593406593407,0.8406593406593407,0.6594147387773862,0.6607468123861566,0.6598267213862289,0.4068911583402337,0.49576777992455606
