PopTraniningScore,PopTestScore,PopValidationScore,ConTraniningScore,ConTestScore,ConValidationScore,PopFraction,ConFraction
0.5253548168505063,0.509375,0.509375,0.25909400287378054,0.2552740261189865,0.25556923765812156,0.28497059402875874,0.47805573533687895
