PopTraniningScore,PopTestScore,PopValidationScore,ConTraniningScore,ConTestScore,ConValidationScore,PopFraction,ConFraction
0.577980787342249,0.5516119909502263,0.5516119909502263,0.40369879859994323,0.40382165605095544,0.4079447809550641,0.3927839078215018,0.4651523288741334
