PopTraniningScore,PopTestScore,PopValidationScore,ConTraniningScore,ConTestScore,ConValidationScore,PopFraction,ConFraction
0.5738109262258873,0.5494092373791621,0.5494092373791621,0.24724548259145,0.2489558144647175,0.2455718346818281,0.1833421545980224,0.4561418261501857
