PopTraniningScore,PopTestScore,PopValidationScore,ConTraniningScore,ConTestScore,ConValidationScore,PopFraction,ConFraction
0.7530097358411557,0.7381572097865695,0.7381572097865695,0.5738711243670667,0.5750131233595801,0.5746331236897274,0.4153736464506929,0.49127044249365004
