PopTraniningScore,PopTestScore,PopValidationScore,ConTraniningScore,ConTestScore,ConValidationScore,PopFraction,ConFraction
0.8427934163974773,0.8225287356321839,0.8225287356321839,0.6567901234567901,0.655632183908046,0.6433439345751931,0.4068911583402337,0.49576777992455606
