PopTraniningScore,PopTestScore,PopValidationScore,ConTraniningScore,ConTestScore,ConValidationScore,PopFraction,ConFraction
0.8578811369509044,0.5914893617021276,0.5914893617021276,0.4712041884816754,0.41832669322709165,0.45454545454545453,0.4230886384404508,0.4581175753883643
