PopTraniningScore,PopTestScore,PopValidationScore,ConTraniningScore,ConTestScore,ConValidationScore,PopFraction,ConFraction
0.8892988929889298,0.45982142857142855,0.45982142857142855,0.04370860927152318,0.03474903474903475,0.03968253968253968,0.03101100052383447,0.42032477737035095
