PopTraniningScore,PopTestScore,PopValidationScore,ConTraniningScore,ConTestScore,ConValidationScore,PopFraction,ConFraction
0.531631679389313,0.5083607260254395,0.5083607260254395,0.25735013363879344,0.25085470085470085,0.24949611287071696,0.28497059402875874,0.47805573533687895
