PopTraniningScore,PopTestScore,PopValidationScore,ConTraniningScore,ConTestScore,ConValidationScore,PopFraction,ConFraction
0.5856545961002786,0.5750105056730634,0.5750105056730634,0.4057196000930016,0.40794979079497906,0.40027797081306465,0.3927839078215018,0.4651523288741334
