PopTraniningScore,PopTestScore,PopValidationScore,ConTraniningScore,ConTestScore,ConValidationScore,PopFraction,ConFraction
0.5292599314377899,0.5106922798115259,0.5106922798115259,0.2564164454099284,0.25603805806294216,0.25717703349282295,0.28497059402875874,0.47805573533687895
