PopTraniningScore,PopTestScore,PopValidationScore,ConTraniningScore,ConTestScore,ConValidationScore,PopFraction,ConFraction
0.7561411344350156,0.5787348586810229,0.5787348586810229,0.1927107061503417,0.1955617198335645,0.19622641509433963,0.12954021727202897,0.4420059256007901
