PopTraniningScore,PopTestScore,PopValidationScore,ConTraniningScore,ConTestScore,ConValidationScore,PopFraction,ConFraction
0.6459187063905194,0.5975242556038809,0.5975242556038809,0.31429537005745184,0.30933333333333335,0.31092436974789917,0.29622354815995255,0.48067301634362375
