PopTraniningScore,PopTestScore,PopValidationScore,ConTraniningScore,ConTestScore,ConValidationScore,PopFraction,ConFraction
0.7434511434511435,0.5272244355909694,0.5272244355909694,0.18714473108876256,0.17574257425742573,0.18689320388349515,0.12954021727202897,0.4420059256007901
