PopTraniningScore,PopTestScore,PopValidationScore,ConTraniningScore,ConTestScore,ConValidationScore,PopFraction,ConFraction
0.5971541197961735,0.5672702492211839,0.5672702492211839,0.24783518429100274,0.25016735201300566,0.2436611601997695,0.1833421545980224,0.4561418261501857
