PopTraniningScore,PopTestScore,PopValidationScore,ConTraniningScore,ConTestScore,ConValidationScore,PopFraction,ConFraction
0.6441973592772758,0.5948305972755851,0.5948305972755851,0.49030084794981993,0.49742533470648814,0.48358630427109073,0.4875318993802406,0.494896099161502
