PopTraniningScore,PopTestScore,PopValidationScore,ConTraniningScore,ConTestScore,ConValidationScore,PopFraction,ConFraction
0.7384120387438415,0.728351247211519,0.728351247211519,0.5690230020543563,0.5681453231633882,0.5645663752386695,0.41483758855767944,0.49142271532326337
