PopTraniningScore,PopTestScore,PopValidationScore,ConTraniningScore,ConTestScore,ConValidationScore,PopFraction,ConFraction
0.7063293968632418,0.6987114845938376,0.6987114845938376,0.40332009293262383,0.40205494750949294,0.3992673992673993,0.2668868398108272,0.4130201590530793
