PopTraniningScore,PopTestScore,PopValidationScore,ConTraniningScore,ConTestScore,ConValidationScore,PopFraction,ConFraction
0.6514635006465264,0.6057487579843861,0.6057487579843861,0.49766191255552955,0.49022396018485603,0.4982142857142857,0.4875318993802406,0.494896099161502
