PopTraniningScore,PopTestScore,PopValidationScore,ConTraniningScore,ConTestScore,ConValidationScore,PopFraction,ConFraction
0.6282959693344174,0.5937609533824045,0.5937609533824045,0.49314586994727594,0.4860917941585535,0.4787197820905686,0.4875318993802406,0.494896099161502
