PopTraniningScore,PopTestScore,PopValidationScore,ConTraniningScore,ConTestScore,ConValidationScore,PopFraction,ConFraction
0.6290028917211096,0.5854988771254411,0.5854988771254411,0.3142764857881137,0.31020278833967047,0.31178343949044585,0.29622354815995255,0.48067301634362375
