PopTraniningScore,PopTestScore,PopValidationScore,ConTraniningScore,ConTestScore,ConValidationScore,PopFraction,ConFraction
0.6136647254575707,0.5812101910828026,0.5812101910828026,0.31190451261647995,0.3060842433697348,0.30858395989974935,0.29622354815995255,0.48067301634362375
