PopTraniningScore,PopTestScore,PopValidationScore,ConTraniningScore,ConTestScore,ConValidationScore,PopFraction,ConFraction
0.8457381099444101,0.8186838472158307,0.8186838472158307,0.661726107765941,0.6533084808946877,0.645367412140575,0.4068911583402337,0.49576777992455606
