PopTraniningScore,PopTestScore,PopValidationScore,ConTraniningScore,ConTestScore,ConValidationScore,PopFraction,ConFraction
0.728515625,0.5,0.5,0.19884169884169883,0.1686046511627907,0.15254237288135594,0.22742798588181715,0.45593760674029377
